TaskID,ParentStoryID,EpicID,Priority,Phase,TaskCategory,Title,CurrentStatus,RecommendedStatus,EvidenceLevel,Evidence,RemainingCondition
US-001-T01,US-001,E01,P0,Phase 0 — ALM & solution scaffold,Deployment,Create managed-solution baseline,Not Started,Not Started,No direct dbmodel evidence,The current database model does not directly complete or materially start this task.,"Requires runtime code, UX work, tests, ALM evidence, documentation, commercial work, or a missing schema decision outside the current dbmodel evidence."
US-001-T02,US-001,E01,P0,Phase 0 — ALM & solution scaffold,Technical,Define component dependency manifest,Not Started,Not Started,No direct dbmodel evidence,The current database model does not directly complete or materially start this task.,"Requires runtime code, UX work, tests, ALM evidence, documentation, commercial work, or a missing schema decision outside the current dbmodel evidence."
US-001-T03,US-001,E01,P0,Phase 0 — ALM & solution scaffold,Data,Provision environment configuration,Not Started,Not Started,No direct dbmodel evidence,The current database model does not directly complete or materially start this task.,"Requires runtime code, UX work, tests, ALM evidence, documentation, commercial work, or a missing schema decision outside the current dbmodel evidence."
US-001-T04,US-001,E01,P0,Phase 0 — ALM & solution scaffold,UX,Provide install verification surface,Not Started,Not Started,No direct dbmodel evidence,The current database model does not directly complete or materially start this task.,"Requires runtime code, UX work, tests, ALM evidence, documentation, commercial work, or a missing schema decision outside the current dbmodel evidence."
US-001-T05,US-001,E01,P0,Phase 0 — ALM & solution scaffold,Validation,Implement preflight import checks,Not Started,Not Started,No direct dbmodel evidence,The current database model does not directly complete or materially start this task.,"Requires runtime code, UX work, tests, ALM evidence, documentation, commercial work, or a missing schema decision outside the current dbmodel evidence."
US-001-T06,US-001,E01,P0,Phase 0 — ALM & solution scaffold,Testing,Automate clean-environment install tests,Not Started,Not Started,No direct dbmodel evidence,The current database model does not directly complete or materially start this task.,"Requires runtime code, UX work, tests, ALM evidence, documentation, commercial work, or a missing schema decision outside the current dbmodel evidence."
US-001-T07,US-001,E01,P0,Phase 0 — ALM & solution scaffold,Documentation,Publish installation and rollback runbook,Not Started,Not Started,No direct dbmodel evidence,The current database model does not directly complete or materially start this task.,"Requires runtime code, UX work, tests, ALM evidence, documentation, commercial work, or a missing schema decision outside the current dbmodel evidence."
US-004-T01,US-004,E01,P0,Phase 0 — Data foundation,Data,Produce physical schema specification,Not Started,In Progress,Partial dbmodel schema evidence,"Physical schema exists with 39 custom ccsb_* tables, field types, requiredness, choices, lookup fields, ownership and form-location metadata.","Do not mark complete yet: V1 gaps remain for publish lock, snapshot item, schedule change, outbox/audit, activity/capability decisions, audit enablement and approval baseline."
US-004-T02,US-004,E01,P0,Phase 0 — Data foundation,Data,Implement product-owned configuration tables,Not Started,In Progress,Partial dbmodel schema evidence,"Product-owned configuration tables exist for board/version, entity-field-relationship mapping, groups, status, roles, rules, permissions, runtime projection and validation results.",Do not mark complete yet: baseline forms/views are not release-ready and some solution/export/import evidence is still missing.
US-004-T03,US-004,E01,P0,Phase 0 — Data foundation,Data,"Implement control, audit and publish tables",Not Started,In Progress,Partial dbmodel schema evidence,"Control/publish foundations exist: ccsb_operation, ccsb_operationitem, ccsb_conflict and ccsb_publishsnapshot.","Missing required V1 control tables or equivalents: publish lock, publish snapshot item, schedule change ledger, audit log/operation audit and outbox event."
US-004-T04,US-004,E01,P0,Phase 0 — Data foundation,Data,Implement optional native schedule graph,Not Started,In Progress,Partial dbmodel schema evidence,"Native schedule graph foundations exist: schedule item, assignment, requirement, resource, role, service, location, calendar, availability, leave, shift and holiday tables.",Still incomplete: no separate ccsb_scheduleactivity or ccsb_resourcecapability table/equivalent approval is recorded.
US-004-T05,US-004,E01,P0,Phase 0 — Data foundation,Data,"Define keys, relationships and lifecycle values",Not Started,In Progress,Partial dbmodel schema evidence,"Lifecycle and lookup fields are modeled across board, board version, schedule version, publish snapshot, status and relationship tables.","Still needs enforceable alternate keys, uniqueness/cascade policy, retention and automated schema tests."
US-004-T06,US-004,E01,P0,Phase 0 — Data foundation,Security,Define ownership and access model,Not Started,In Progress,Partial dbmodel schema evidence,Entity ownership choices and permission profile/assignment tables are modeled.,"Still needs a signed security matrix, field-security design and negative role tests. Entity-level auditing is disabled across the workbook."
US-004-T07,US-004,E01,P0,Phase 0 — Data foundation,Performance,Review query and indexing shapes,Not Started,In Progress,Partial dbmodel schema evidence,"Query-supporting fields exist for board/version, source entity/record, resource, date ranges, publish state, scope, status and hashes.",Still needs an approved query/indexing plan and performance validation.
US-004-T08,US-004,E01,P0,Phase 0 — Data foundation,Validation,Create schema validation and compatibility checks,Not Started,In Progress,Partial dbmodel schema evidence,"Validation support exists through ccsb_configurationvalidationresult, validation status fields and operation/operation item evidence tables.",Still needs live metadata validation implementation and compatibility checks.
US-004-T09,US-004,E01,P0,Phase 0 — Data foundation,Testing,Build data factory and integrity test suite,Not Started,Not Started,No direct dbmodel evidence,The current database model does not directly complete or materially start this task.,"Requires runtime code, UX work, tests, ALM evidence, documentation, commercial work, or a missing schema decision outside the current dbmodel evidence."
US-004-T10,US-004,E01,P0,Phase 0 — Data foundation,Deployment,Deliver schema migration and upgrade policy,Not Started,Not Started,No direct dbmodel evidence,The current database model does not directly complete or materially start this task.,"Requires runtime code, UX work, tests, ALM evidence, documentation, commercial work, or a missing schema decision outside the current dbmodel evidence."
US-002-T01,US-002,E01,P0,Phase 0 — Compatibility contract,Technical,Define product and schema compatibility contract,Not Started,In Progress,Partial dbmodel schema evidence,Versioning concepts are modeled on board version and runtime projection.,Still missing explicit semantic product/schema compatibility contract and supported upgrade-path policy.
US-002-T02,US-002,E01,P0,Phase 0 — Compatibility contract,Data,Add compatibility metadata,Not Started,In Progress,Partial dbmodel schema evidence,"Board version has version number/label/configuration hash; runtime projection has projection schema version, source change token and content hash.","Still missing explicit product version, schema version and migration-state fields or approved equivalents."
US-002-T03,US-002,E01,P0,Phase 0 — Compatibility contract,Validation,Implement pre-activation compatibility validation,Not Started,In Progress,Partial dbmodel schema evidence,Pre-activation validation has a persistence target via ccsb_configurationvalidationresult and board-version validation fields.,Still needs executable fail-closed validation logic and diagnostic code mapping.
US-002-T04,US-002,E01,P0,Phase 0 — Compatibility contract,UX,Design administrator diagnostics,Not Started,In Progress,Partial dbmodel schema evidence,Validation result and runtime projection status/error fields provide a data basis for diagnostics.,Still needs administrator-facing diagnostics UX and safe re-validation commands.
US-002-T05,US-002,E01,P0,Phase 0 — Compatibility contract,Testing,Test upgrade and downgrade boundaries,Not Started,Not Started,No direct dbmodel evidence,The current database model does not directly complete or materially start this task.,"Requires runtime code, UX work, tests, ALM evidence, documentation, commercial work, or a missing schema decision outside the current dbmodel evidence."
US-002-T06,US-002,E01,P0,Phase 0 — Compatibility contract,Deployment,Package migration scripts and release notes,Not Started,Not Started,No direct dbmodel evidence,The current database model does not directly complete or materially start this task.,"Requires runtime code, UX work, tests, ALM evidence, documentation, commercial work, or a missing schema decision outside the current dbmodel evidence."
US-003-T01,US-003,E01,P1,Phase 0 — Tenant/board boundary,Data,Model board registry and tenant isolation,Not Started,In Progress,Partial dbmodel schema evidence,"Board registry fields exist: board code, active board version, lifecycle/status, time zone, runtime enablement and effective dates.",Still missing explicit environment-boundary fields/keys and proof of uniqueness per Dataverse environment.
US-003-T02,US-003,E01,P1,Phase 0 — Tenant/board boundary,Technical,Implement board resolution service,Not Started,Not Started,No direct dbmodel evidence,The current database model does not directly complete or materially start this task.,"Requires runtime code, UX work, tests, ALM evidence, documentation, commercial work, or a missing schema decision outside the current dbmodel evidence."
US-003-T03,US-003,E01,P1,Phase 0 — Tenant/board boundary,UX,Build board selection and empty-state flow,Not Started,Not Started,No direct dbmodel evidence,The current database model does not directly complete or materially start this task.,"Requires runtime code, UX work, tests, ALM evidence, documentation, commercial work, or a missing schema decision outside the current dbmodel evidence."
US-003-T04,US-003,E01,P1,Phase 0 — Tenant/board boundary,Validation,Enforce single active board version,Not Started,In Progress,Partial dbmodel schema evidence,Board active version and board-version lifecycle fields are present.,Still needs activation/retirement validation that prevents zero/multiple active versions.
US-003-T05,US-003,E01,P1,Phase 0 — Tenant/board boundary,Testing,Run isolation and authorisation tests,Not Started,Not Started,No direct dbmodel evidence,The current database model does not directly complete or materially start this task.,"Requires runtime code, UX work, tests, ALM evidence, documentation, commercial work, or a missing schema decision outside the current dbmodel evidence."
US-003-T06,US-003,E01,P1,Phase 0 — Tenant/board boundary,Deployment,Seed sample registry records,Not Started,Not Started,No direct dbmodel evidence,The current database model does not directly complete or materially start this task.,"Requires runtime code, UX work, tests, ALM evidence, documentation, commercial work, or a missing schema decision outside the current dbmodel evidence."
US-010-T01,US-010,E02,P0,Phase 1 — Configuration foundation,Data,Implement board-version aggregate,Not Started,In Progress,Partial dbmodel schema evidence,"Board-version aggregate fields exist: lifecycle, validation status, immutable flag, clone-from/supersedes, activation, effective dates and configuration hash.",Still needs enforcement of single active version and immutability beyond modeled fields.
US-010-T02,US-010,E02,P0,Phase 1 — Configuration foundation,Functional,"Implement create, clone, edit and compare flows",Not Started,Not Started,No direct dbmodel evidence,The current database model does not directly complete or materially start this task.,"Requires runtime code, UX work, tests, ALM evidence, documentation, commercial work, or a missing schema decision outside the current dbmodel evidence."
US-010-T03,US-010,E02,P0,Phase 1 — Configuration foundation,UX,Design version-management administration,Not Started,In Progress,Partial dbmodel schema evidence,Board-version fields needed by administration forms/views exist.,Still depends on the Model-Driven UX pilot because current bulk UX generation is not release-ready.
US-010-T04,US-010,E02,P0,Phase 1 — Configuration foundation,Validation,Protect immutability and lifecycle transitions,Not Started,In Progress,Partial dbmodel schema evidence,Immutability and lifecycle fields exist on board version.,Still needs server-side transition enforcement and audit evidence.
US-010-T05,US-010,E02,P0,Phase 1 — Configuration foundation,Testing,"Test clone, compare and concurrent-edit cases",Not Started,Not Started,No direct dbmodel evidence,The current database model does not directly complete or materially start this task.,"Requires runtime code, UX work, tests, ALM evidence, documentation, commercial work, or a missing schema decision outside the current dbmodel evidence."
US-010-T06,US-010,E02,P0,Phase 1 — Configuration foundation,Deployment,Add version lifecycle migration and documentation,Not Started,Not Started,No direct dbmodel evidence,The current database model does not directly complete or materially start this task.,"Requires runtime code, UX work, tests, ALM evidence, documentation, commercial work, or a missing schema decision outside the current dbmodel evidence."
US-011-T01,US-011,E02,P0,Phase 1 — Configuration foundation,Data,Define mapping semantic catalogue,Not Started,In Progress,Partial dbmodel schema evidence,"Entity, field and relationship mapping tables exist with semantic role/name, source field/type, transformation, lookup target and validation metadata.","Still needs approved semantic catalogue records for Booking, Activity, Assignment and Resource."
US-011-T02,US-011,E02,P0,Phase 1 — Configuration foundation,Technical,Build Dataverse metadata discovery service,Not Started,Not Started,No direct dbmodel evidence,The current database model does not directly complete or materially start this task.,"Requires runtime code, UX work, tests, ALM evidence, documentation, commercial work, or a missing schema decision outside the current dbmodel evidence."
US-011-T03,US-011,E02,P0,Phase 1 — Configuration foundation,UX,Build mapping administration wizard,Not Started,Not Started,No direct dbmodel evidence,The current database model does not directly complete or materially start this task.,"Requires runtime code, UX work, tests, ALM evidence, documentation, commercial work, or a missing schema decision outside the current dbmodel evidence."
US-011-T04,US-011,E02,P0,Phase 1 — Configuration foundation,Validation,Validate graph cardinality and field types,Not Started,In Progress,Partial dbmodel schema evidence,"Mapping tables include metadata ETag, validation status, required/read/write fields and lookup target metadata.",Still needs executable graph cardinality/type validation.
US-011-T05,US-011,E02,P0,Phase 1 — Configuration foundation,Technical,Create typed runtime mapping resolver,Not Started,In Progress,Partial dbmodel schema evidence,Runtime projection and normalized mapping tables provide the persistence shape for a typed resolver.,Still needs resolver implementation and typed contracts.
US-011-T06,US-011,E02,P0,Phase 1 — Configuration foundation,Testing,Test mapped and native graph modes,Not Started,Not Started,No direct dbmodel evidence,The current database model does not directly complete or materially start this task.,"Requires runtime code, UX work, tests, ALM evidence, documentation, commercial work, or a missing schema decision outside the current dbmodel evidence."
US-011-T07,US-011,E02,P0,Phase 1 — Configuration foundation,Documentation,Publish supported mapping patterns,Not Started,Not Started,No direct dbmodel evidence,The current database model does not directly complete or materially start this task.,"Requires runtime code, UX work, tests, ALM evidence, documentation, commercial work, or a missing schema decision outside the current dbmodel evidence."
US-012-T01,US-012,E02,P0,Phase 1 — Configuration foundation,Data,Add write and rollback flags to field mappings,Not Started,In Progress,Partial dbmodel schema evidence,Field mappings include read-enabled and write-behavior controls.,Not complete: independent rollback-managed and sensitive/display-only flags are not present.
US-012-T02,US-012,E02,P0,Phase 1 — Configuration foundation,Functional,Create managed-field policy editor,Not Started,Not Started,No direct dbmodel evidence,The current database model does not directly complete or materially start this task.,"Requires runtime code, UX work, tests, ALM evidence, documentation, commercial work, or a missing schema decision outside the current dbmodel evidence."
US-012-T03,US-012,E02,P0,Phase 1 — Configuration foundation,Validation,Validate field policy safety,Not Started,In Progress,Partial dbmodel schema evidence,"Field mappings include write behavior, validation expression, target data type and transformation metadata.",Still needs rollback-safety rules and explicit blocked field classes.
US-012-T04,US-012,E02,P0,Phase 1 — Configuration foundation,Technical,Enforce policy in command and rollback services,Not Started,Not Started,No direct dbmodel evidence,The current database model does not directly complete or materially start this task.,"Requires runtime code, UX work, tests, ALM evidence, documentation, commercial work, or a missing schema decision outside the current dbmodel evidence."
US-012-T05,US-012,E02,P0,Phase 1 — Configuration foundation,Testing,Test write/rollback boundary,Not Started,Not Started,No direct dbmodel evidence,The current database model does not directly complete or materially start this task.,"Requires runtime code, UX work, tests, ALM evidence, documentation, commercial work, or a missing schema decision outside the current dbmodel evidence."
US-012-T06,US-012,E02,P0,Phase 1 — Configuration foundation,Documentation,Document field-governance and change procedure,Not Started,Not Started,No direct dbmodel evidence,The current database model does not directly complete or materially start this task.,"Requires runtime code, UX work, tests, ALM evidence, documentation, commercial work, or a missing schema decision outside the current dbmodel evidence."
US-013-T01,US-013,E02,P1,Phase 1 — Configuration foundation,Technical,Define runtime projection schema,Not Started,Completed,Direct dbmodel schema evidence,"Runtime projection schema is present: ccsb_runtimeprojection has payload JSON, projection schema version, source change token, content hash, generated timestamp, status, scope and sizing fields.","Database model evidence satisfies the schema-definition part of this task. Generator, validation and import hooks remain separate tasks."
US-013-T02,US-013,E02,P1,Phase 1 — Configuration foundation,Technical,Implement projection generator,Not Started,In Progress,Partial dbmodel schema evidence,Runtime projection table includes generated/status/hash/source-token fields needed by a generator.,Still needs the generator implementation and idempotency behavior.
US-013-T03,US-013,E02,P1,Phase 1 — Configuration foundation,Validation,Detect stale or incompatible projections,Not Started,In Progress,Partial dbmodel schema evidence,"Projection hash, schema version, current flag, source change token and status fields support stale/incompatible detection.",Still needs fail-closed runtime load checks.
US-013-T04,US-013,E02,P1,Phase 1 — Configuration foundation,UX,Expose projection health,Not Started,In Progress,Partial dbmodel schema evidence,"Projection health fields exist: generated date, source token/hash, status and error detail.",Still needs administration UX.
US-013-T05,US-013,E02,P1,Phase 1 — Configuration foundation,Testing,Test projection integrity and cache keys,Not Started,Not Started,No direct dbmodel evidence,The current database model does not directly complete or materially start this task.,"Requires runtime code, UX work, tests, ALM evidence, documentation, commercial work, or a missing schema decision outside the current dbmodel evidence."
US-013-T06,US-013,E02,P1,Phase 1 — Configuration foundation,Deployment,Package projection regeneration on import/upgrade,Not Started,Not Started,No direct dbmodel evidence,The current database model does not directly complete or materially start this task.,"Requires runtime code, UX work, tests, ALM evidence, documentation, commercial work, or a missing schema decision outside the current dbmodel evidence."
US-020-T01,US-020,E03,P0,Phase 1 — Grouping/capacity foundation,Data,Implement group-definition schema,Not Started,Completed,Direct dbmodel schema evidence,"Group schema is present: ccsb_groupdefinition, ccsb_groupnode and ccsb_groupmembership model ordered levels, materialized nodes, resolved paths, resource membership and active/effective state.",Database model evidence satisfies the group-definition schema task.
US-020-T02,US-020,E03,P0,Phase 1 — Grouping/capacity foundation,Functional,Implement grouping configuration behavior,Not Started,Not Started,No direct dbmodel evidence,The current database model does not directly complete or materially start this task.,"Requires runtime code, UX work, tests, ALM evidence, documentation, commercial work, or a missing schema decision outside the current dbmodel evidence."
US-020-T03,US-020,E03,P0,Phase 1 — Grouping/capacity foundation,UX,Build grouping editor and preview,Not Started,Not Started,No direct dbmodel evidence,The current database model does not directly complete or materially start this task.,"Requires runtime code, UX work, tests, ALM evidence, documentation, commercial work, or a missing schema decision outside the current dbmodel evidence."
US-020-T04,US-020,E03,P0,Phase 1 — Grouping/capacity foundation,Validation,Validate resolver safety and hierarchy limits,Not Started,In Progress,Partial dbmodel schema evidence,"Group definition includes source type, ordered level number, parent definition, path separator and active state.",Still needs resolver safety validation and hierarchy-limit enforcement.
US-020-T05,US-020,E03,P0,Phase 1 — Grouping/capacity foundation,Technical,Create group-path query/resolver contract,Not Started,In Progress,Partial dbmodel schema evidence,Group node and membership tables model resolved paths and materialized hierarchy nodes.,Still needs query/resolver contracts.
US-020-T06,US-020,E03,P0,Phase 1 — Grouping/capacity foundation,Testing,Test grouping variants and null/fallback cases,Not Started,Not Started,No direct dbmodel evidence,The current database model does not directly complete or materially start this task.,"Requires runtime code, UX work, tests, ALM evidence, documentation, commercial work, or a missing schema decision outside the current dbmodel evidence."
US-020-T07,US-020,E03,P0,Phase 1 — Grouping/capacity foundation,Deployment,Register solution component and release evidence,Not Started,Not Started,No direct dbmodel evidence,The current database model does not directly complete or materially start this task.,"Requires runtime code, UX work, tests, ALM evidence, documentation, commercial work, or a missing schema decision outside the current dbmodel evidence."
US-021-T01,US-021,E03,P1,Phase 1 — Grouping/capacity foundation,Technical,Define stable group-path resolution algorithm,Not Started,In Progress,Partial dbmodel schema evidence,Materialized group node and membership structures provide the data basis for stable path resolution.,Still needs the deterministic resolution algorithm.
US-021-T02,US-021,E03,P1,Phase 1 — Grouping/capacity foundation,Validation,Detect ambiguity and multi-path output,Not Started,In Progress,Partial dbmodel schema evidence,Group membership/resource/path structure supports ambiguity detection.,Still needs validation rules and diagnostics.
US-021-T03,US-021,E03,P1,Phase 1 — Grouping/capacity foundation,Data,Persist/cache path identity safely,Not Started,Completed,Direct dbmodel schema evidence,Path identity is represented by group node/member keys plus ccsb_resolvedpath and resource membership links.,Database model evidence satisfies the persistence/cache-shape portion; resolver determinism tests remain open.
US-021-T04,US-021,E03,P1,Phase 1 — Grouping/capacity foundation,UX,Surface path diagnostics,Not Started,Not Started,No direct dbmodel evidence,The current database model does not directly complete or materially start this task.,"Requires runtime code, UX work, tests, ALM evidence, documentation, commercial work, or a missing schema decision outside the current dbmodel evidence."
US-021-T05,US-021,E03,P1,Phase 1 — Grouping/capacity foundation,Testing,Test determinism and non-duplication,Not Started,Not Started,No direct dbmodel evidence,The current database model does not directly complete or materially start this task.,"Requires runtime code, UX work, tests, ALM evidence, documentation, commercial work, or a missing schema decision outside the current dbmodel evidence."
US-021-T06,US-021,E03,P1,Phase 1 — Grouping/capacity foundation,Deployment,Register solution component and release evidence,Not Started,Not Started,No direct dbmodel evidence,The current database model does not directly complete or materially start this task.,"Requires runtime code, UX work, tests, ALM evidence, documentation, commercial work, or a missing schema decision outside the current dbmodel evidence."
US-022-T01,US-022,E03,P0,Phase 1 — Grouping/capacity foundation,Data,Implement roles and requirements model,Not Started,In Progress,Partial dbmodel schema evidence,"Resource role, schedule requirement, schedule assignment and resource tables model role keys, quantities, capacity and eligibility criteria.",Still needs explicit approval of capability strategy because no ccsb_resourcecapability table exists.
US-022-T02,US-022,E03,P0,Phase 1 — Grouping/capacity foundation,Functional,Build role and requirement configuration,Not Started,Not Started,No direct dbmodel evidence,The current database model does not directly complete or materially start this task.,"Requires runtime code, UX work, tests, ALM evidence, documentation, commercial work, or a missing schema decision outside the current dbmodel evidence."
US-022-T03,US-022,E03,P0,Phase 1 — Grouping/capacity foundation,UX,Design requirement editing and summary,Not Started,Not Started,No direct dbmodel evidence,The current database model does not directly complete or materially start this task.,"Requires runtime code, UX work, tests, ALM evidence, documentation, commercial work, or a missing schema decision outside the current dbmodel evidence."
US-022-T04,US-022,E03,P0,Phase 1 — Grouping/capacity foundation,Technical,Create eligibility and allocation calculator,Not Started,Not Started,No direct dbmodel evidence,The current database model does not directly complete or materially start this task.,"Requires runtime code, UX work, tests, ALM evidence, documentation, commercial work, or a missing schema decision outside the current dbmodel evidence."
US-022-T05,US-022,E03,P0,Phase 1 — Grouping/capacity foundation,Validation,Enforce role and capacity policy,Not Started,In Progress,Partial dbmodel schema evidence,Role and requirement fields support capacity/eligibility policy inputs.,Still needs enforcement logic.
US-022-T06,US-022,E03,P0,Phase 1 — Grouping/capacity foundation,Testing,Test multi-resource and capacity scenarios,Not Started,Not Started,No direct dbmodel evidence,The current database model does not directly complete or materially start this task.,"Requires runtime code, UX work, tests, ALM evidence, documentation, commercial work, or a missing schema decision outside the current dbmodel evidence."
US-022-T07,US-022,E03,P0,Phase 1 — Grouping/capacity foundation,Deployment,Register solution component and release evidence,Not Started,Not Started,No direct dbmodel evidence,The current database model does not directly complete or materially start this task.,"Requires runtime code, UX work, tests, ALM evidence, documentation, commercial work, or a missing schema decision outside the current dbmodel evidence."
US-030-T01,US-030,E04,P0,Phase 2 — Read workspace,Technical,Implement board-context bootstrap,Not Started,In Progress,Partial dbmodel schema evidence,"Board, active board version, runtime enabled, timezone and permission-scope fields exist.",Still needs runtime bootstrap service and permission filtering.
US-030-T02,US-030,E04,P0,Phase 2 — Read workspace,UX,Build workspace command bar,Not Started,Not Started,No direct dbmodel evidence,The current database model does not directly complete or materially start this task.,"Requires runtime code, UX work, tests, ALM evidence, documentation, commercial work, or a missing schema decision outside the current dbmodel evidence."
US-030-T03,US-030,E04,P0,Phase 2 — Read workspace,Functional,Implement timezone-safe navigation,Not Started,In Progress,Partial dbmodel schema evidence,Board/resource/location/calendar timezone fields exist.,Still needs timezone-safe navigation implementation and DST tests.
US-030-T04,US-030,E04,P0,Phase 2 — Read workspace,Security,Apply permitted-board filtering,Not Started,Not Started,No direct dbmodel evidence,The current database model does not directly complete or materially start this task.,"Requires runtime code, UX work, tests, ALM evidence, documentation, commercial work, or a missing schema decision outside the current dbmodel evidence."
US-030-T05,US-030,E04,P0,Phase 2 — Read workspace,Validation,Fail closed on invalid board/version,Not Started,In Progress,Partial dbmodel schema evidence,Board version validation status and runtime projection status fields provide fail-closed inputs.,Still needs runtime load blocker implementation.
US-030-T06,US-030,E04,P0,Phase 2 — Read workspace,Testing,Test context and timezone matrix,Not Started,Not Started,No direct dbmodel evidence,The current database model does not directly complete or materially start this task.,"Requires runtime code, UX work, tests, ALM evidence, documentation, commercial work, or a missing schema decision outside the current dbmodel evidence."
US-030-T07,US-030,E04,P0,Phase 2 — Read workspace,Deployment,Register solution component and release evidence,Not Started,Not Started,No direct dbmodel evidence,The current database model does not directly complete or materially start this task.,"Requires runtime code, UX work, tests, ALM evidence, documentation, commercial work, or a missing schema decision outside the current dbmodel evidence."
US-031-T01,US-031,E04,P0,Phase 2 — Read workspace,Technical,Implement read-model query contracts,Not Started,In Progress,Partial dbmodel schema evidence,Runtime projection plus schedule item/assignment/resource/date/status fields provide read-model query shape.,Still needs typed query contracts and server paging.
US-031-T02,US-031,E04,P0,Phase 2 — Read workspace,Technical,Build virtualised scheduler engine shell,Not Started,Not Started,No direct dbmodel evidence,The current database model does not directly complete or materially start this task.,"Requires runtime code, UX work, tests, ALM evidence, documentation, commercial work, or a missing schema decision outside the current dbmodel evidence."
US-031-T03,US-031,E04,P0,Phase 2 — Read workspace,Technical,Implement visible-slice cache and cancellation,Not Started,Not Started,No direct dbmodel evidence,The current database model does not directly complete or materially start this task.,"Requires runtime code, UX work, tests, ALM evidence, documentation, commercial work, or a missing schema decision outside the current dbmodel evidence."
US-031-T04,US-031,E04,P0,Phase 2 — Read workspace,UX,Design progressive load and empty/error states,Not Started,Not Started,No direct dbmodel evidence,The current database model does not directly complete or materially start this task.,"Requires runtime code, UX work, tests, ALM evidence, documentation, commercial work, or a missing schema decision outside the current dbmodel evidence."
US-031-T05,US-031,E04,P0,Phase 2 — Read workspace,Performance,Set performance budgets and instrumentation,Not Started,Not Started,No direct dbmodel evidence,The current database model does not directly complete or materially start this task.,"Requires runtime code, UX work, tests, ALM evidence, documentation, commercial work, or a missing schema decision outside the current dbmodel evidence."
US-031-T06,US-031,E04,P0,Phase 2 — Read workspace,Testing,Run viewport/paging/performance tests,Not Started,Not Started,No direct dbmodel evidence,The current database model does not directly complete or materially start this task.,"Requires runtime code, UX work, tests, ALM evidence, documentation, commercial work, or a missing schema decision outside the current dbmodel evidence."
US-031-T07,US-031,E04,P0,Phase 2 — Read workspace,Deployment,Register solution component and release evidence,Not Started,Not Started,No direct dbmodel evidence,The current database model does not directly complete or materially start this task.,"Requires runtime code, UX work, tests, ALM evidence, documentation, commercial work, or a missing schema decision outside the current dbmodel evidence."
US-032-T01,US-032,E04,P1,Phase 2 — Read workspace,Data,Define filter and preference model,Not Started,Not Started,No direct dbmodel evidence,The current database model does not directly complete or materially start this task.,"Requires runtime code, UX work, tests, ALM evidence, documentation, commercial work, or a missing schema decision outside the current dbmodel evidence."
US-032-T02,US-032,E04,P1,Phase 2 — Read workspace,Functional,Implement filter/search query composition,Not Started,Not Started,No direct dbmodel evidence,The current database model does not directly complete or materially start this task.,"Requires runtime code, UX work, tests, ALM evidence, documentation, commercial work, or a missing schema decision outside the current dbmodel evidence."
US-032-T03,US-032,E04,P1,Phase 2 — Read workspace,UX,Build accessible search/filter experience,Not Started,Not Started,No direct dbmodel evidence,The current database model does not directly complete or materially start this task.,"Requires runtime code, UX work, tests, ALM evidence, documentation, commercial work, or a missing schema decision outside the current dbmodel evidence."
US-032-T04,US-032,E04,P1,Phase 2 — Read workspace,Technical,Persist safe user preferences,Not Started,Not Started,No direct dbmodel evidence,The current database model does not directly complete or materially start this task.,"Requires runtime code, UX work, tests, ALM evidence, documentation, commercial work, or a missing schema decision outside the current dbmodel evidence."
US-032-T05,US-032,E04,P1,Phase 2 — Read workspace,Validation,Validate configured filters,Not Started,Not Started,No direct dbmodel evidence,The current database model does not directly complete or materially start this task.,"Requires runtime code, UX work, tests, ALM evidence, documentation, commercial work, or a missing schema decision outside the current dbmodel evidence."
US-032-T06,US-032,E04,P1,Phase 2 — Read workspace,Testing,"Test search, persistence and permission cases",Not Started,Not Started,No direct dbmodel evidence,The current database model does not directly complete or materially start this task.,"Requires runtime code, UX work, tests, ALM evidence, documentation, commercial work, or a missing schema decision outside the current dbmodel evidence."
US-032-T07,US-032,E04,P1,Phase 2 — Read workspace,Deployment,Register solution component and release evidence,Not Started,Not Started,No direct dbmodel evidence,The current database model does not directly complete or materially start this task.,"Requires runtime code, UX work, tests, ALM evidence, documentation, commercial work, or a missing schema decision outside the current dbmodel evidence."
US-033-T01,US-033,E04,P1,Phase 2 — Read workspace,Data,Define overlay mapping semantics,Not Started,In Progress,Partial dbmodel schema evidence,"Overlay source tables exist for availability windows, leave, shifts, calendars, calendar exceptions/rules and public holidays.",Still needs approved overlay mapping semantics and precedence.
US-033-T02,US-033,E04,P1,Phase 2 — Read workspace,Technical,Implement overlay read and layout engine,Not Started,Not Started,No direct dbmodel evidence,The current database model does not directly complete or materially start this task.,"Requires runtime code, UX work, tests, ALM evidence, documentation, commercial work, or a missing schema decision outside the current dbmodel evidence."
US-033-T03,US-033,E04,P1,Phase 2 — Read workspace,UX,Design overlay legend and non-colour cues,Not Started,Not Started,No direct dbmodel evidence,The current database model does not directly complete or materially start this task.,"Requires runtime code, UX work, tests, ALM evidence, documentation, commercial work, or a missing schema decision outside the current dbmodel evidence."
US-033-T04,US-033,E04,P1,Phase 2 — Read workspace,Validation,Validate optional mapping and precedence,Not Started,In Progress,Partial dbmodel schema evidence,Overlay tables have active/effective/time fields for validation.,Still needs optional mapping/precedence validation logic.
US-033-T05,US-033,E04,P1,Phase 2 — Read workspace,Testing,"Test timezone, DST and overlap cases",Not Started,Not Started,No direct dbmodel evidence,The current database model does not directly complete or materially start this task.,"Requires runtime code, UX work, tests, ALM evidence, documentation, commercial work, or a missing schema decision outside the current dbmodel evidence."
US-033-T06,US-033,E04,P1,Phase 2 — Read workspace,Deployment,Register solution component and release evidence,Not Started,Not Started,No direct dbmodel evidence,The current database model does not directly complete or materially start this task.,"Requires runtime code, UX work, tests, ALM evidence, documentation, commercial work, or a missing schema decision outside the current dbmodel evidence."
US-040-T01,US-040,E05,P0,Phase 3 — Core command runtime,Functional,Define create/edit operation semantics,Not Started,Not Started,No direct dbmodel evidence,The current database model does not directly complete or materially start this task.,"Requires runtime code, UX work, tests, ALM evidence, documentation, commercial work, or a missing schema decision outside the current dbmodel evidence."
US-040-T02,US-040,E05,P0,Phase 3 — Core command runtime,UX,Build accessible booking/activity forms,Not Started,Not Started,No direct dbmodel evidence,The current database model does not directly complete or materially start this task.,"Requires runtime code, UX work, tests, ALM evidence, documentation, commercial work, or a missing schema decision outside the current dbmodel evidence."
US-040-T03,US-040,E05,P0,Phase 3 — Core command runtime,Technical,Implement validate/execute handling,Not Started,Not Started,No direct dbmodel evidence,The current database model does not directly complete or materially start this task.,"Requires runtime code, UX work, tests, ALM evidence, documentation, commercial work, or a missing schema decision outside the current dbmodel evidence."
US-040-T04,US-040,E05,P0,Phase 3 — Core command runtime,Data,Map defaults and managed fields,Not Started,In Progress,Partial dbmodel schema evidence,Field mappings and schedule item defaults/managed fields provide data inputs for create/edit.,Still needs command service mapping and policy enforcement.
US-040-T05,US-040,E05,P0,Phase 3 — Core command runtime,Validation,Enforce interval and parent rules,Not Started,In Progress,Partial dbmodel schema evidence,"Schedule item contains requested/scheduled start/end, parent item, item type and scheduling status.",Still needs interval and parent-rule validation.
US-040-T06,US-040,E05,P0,Phase 3 — Core command runtime,Testing,Test create/edit paths,Not Started,Not Started,No direct dbmodel evidence,The current database model does not directly complete or materially start this task.,"Requires runtime code, UX work, tests, ALM evidence, documentation, commercial work, or a missing schema decision outside the current dbmodel evidence."
US-040-T07,US-040,E05,P0,Phase 3 — Core command runtime,Deployment,Register solution component and release evidence,Not Started,Not Started,No direct dbmodel evidence,The current database model does not directly complete or materially start this task.,"Requires runtime code, UX work, tests, ALM evidence, documentation, commercial work, or a missing schema decision outside the current dbmodel evidence."
US-041-T01,US-041,E05,P0,Phase 3 — Core command runtime,Functional,Define assign/unassign/reassign semantics,Not Started,Not Started,No direct dbmodel evidence,The current database model does not directly complete or materially start this task.,"Requires runtime code, UX work, tests, ALM evidence, documentation, commercial work, or a missing schema decision outside the current dbmodel evidence."
US-041-T02,US-041,E05,P0,Phase 3 — Core command runtime,UX,Build assignment controls,Not Started,Not Started,No direct dbmodel evidence,The current database model does not directly complete or materially start this task.,"Requires runtime code, UX work, tests, ALM evidence, documentation, commercial work, or a missing schema decision outside the current dbmodel evidence."
US-041-T03,US-041,E05,P0,Phase 3 — Core command runtime,Technical,Implement assignment command handlers,Not Started,Not Started,No direct dbmodel evidence,The current database model does not directly complete or materially start this task.,"Requires runtime code, UX work, tests, ALM evidence, documentation, commercial work, or a missing schema decision outside the current dbmodel evidence."
US-041-T04,US-041,E05,P0,Phase 3 — Core command runtime,Data,"Resolve resource, role and activity mapping",Not Started,In Progress,Partial dbmodel schema evidence,"Schedule assignment links resource, role, schedule item, requirement and schedule version.",Still needs resolver implementation against active mappings.
US-041-T05,US-041,E05,P0,Phase 3 — Core command runtime,Validation,Validate eligibility and capacity,Not Started,In Progress,Partial dbmodel schema evidence,"Resource role, requirement and assignment fields provide eligibility/capacity inputs.",Still needs calculation and validation logic.
US-041-T06,US-041,E05,P0,Phase 3 — Core command runtime,Testing,Test group-work cases,Not Started,Not Started,No direct dbmodel evidence,The current database model does not directly complete or materially start this task.,"Requires runtime code, UX work, tests, ALM evidence, documentation, commercial work, or a missing schema decision outside the current dbmodel evidence."
US-041-T07,US-041,E05,P0,Phase 3 — Core command runtime,Deployment,Register solution component and release evidence,Not Started,Not Started,No direct dbmodel evidence,The current database model does not directly complete or materially start this task.,"Requires runtime code, UX work, tests, ALM evidence, documentation, commercial work, or a missing schema decision outside the current dbmodel evidence."
US-042-T01,US-042,E05,P0,Phase 3 — Core command runtime,Functional,Define move/resize/reassign delta rules,Not Started,Not Started,No direct dbmodel evidence,The current database model does not directly complete or materially start this task.,"Requires runtime code, UX work, tests, ALM evidence, documentation, commercial work, or a missing schema decision outside the current dbmodel evidence."
US-042-T02,US-042,E05,P0,Phase 3 — Core command runtime,UX,"Implement drag, resize and form alternatives",Not Started,Not Started,No direct dbmodel evidence,The current database model does not directly complete or materially start this task.,"Requires runtime code, UX work, tests, ALM evidence, documentation, commercial work, or a missing schema decision outside the current dbmodel evidence."
US-042-T03,US-042,E05,P0,Phase 3 — Core command runtime,Technical,Implement validate-confirm-execute orchestration,Not Started,Not Started,No direct dbmodel evidence,The current database model does not directly complete or materially start this task.,"Requires runtime code, UX work, tests, ALM evidence, documentation, commercial work, or a missing schema decision outside the current dbmodel evidence."
US-042-T04,US-042,E05,P0,Phase 3 — Core command runtime,Validation,Evaluate affected graph and locks,Not Started,In Progress,Partial dbmodel schema evidence,Schedule graph and conflict tables can represent affected schedule items/assignments/resources.,Still blocked by missing publish lock/change-ledger model for lock-aware mutation.
US-042-T05,US-042,E05,P0,Phase 3 — Core command runtime,Testing,"Test mutation, warning and stale paths",Not Started,Not Started,No direct dbmodel evidence,The current database model does not directly complete or materially start this task.,"Requires runtime code, UX work, tests, ALM evidence, documentation, commercial work, or a missing schema decision outside the current dbmodel evidence."
US-042-T06,US-042,E05,P0,Phase 3 — Core command runtime,Observability,Record operation evidence,Not Started,In Progress,Partial dbmodel schema evidence,Operation and operation item tables provide operation evidence fields.,Still needs writes from the command runtime.
US-042-T07,US-042,E05,P0,Phase 3 — Core command runtime,Deployment,Register solution component and release evidence,Not Started,Not Started,No direct dbmodel evidence,The current database model does not directly complete or materially start this task.,"Requires runtime code, UX work, tests, ALM evidence, documentation, commercial work, or a missing schema decision outside the current dbmodel evidence."
US-043-T01,US-043,E05,P1,Phase 3 — Core command runtime,Data,Add override mapping/policy,Not Started,In Progress,Partial dbmodel schema evidence,Schedule assignment includes start and end override fields plus role/resource requirement links.,Still needs board-level policy semantics for when overrides are permitted.
US-043-T02,US-043,E05,P1,Phase 3 — Core command runtime,Functional,Define override lifecycle,Not Started,Not Started,No direct dbmodel evidence,The current database model does not directly complete or materially start this task.,"Requires runtime code, UX work, tests, ALM evidence, documentation, commercial work, or a missing schema decision outside the current dbmodel evidence."
US-043-T03,US-043,E05,P1,Phase 3 — Core command runtime,UX,Provide override form and visual marker,Not Started,Not Started,No direct dbmodel evidence,The current database model does not directly complete or materially start this task.,"Requires runtime code, UX work, tests, ALM evidence, documentation, commercial work, or a missing schema decision outside the current dbmodel evidence."
US-043-T04,US-043,E05,P1,Phase 3 — Core command runtime,Validation,Validate override boundaries,Not Started,In Progress,Partial dbmodel schema evidence,Assignment override fields exist for boundary validation.,Still needs validation logic and policy flags.
US-043-T05,US-043,E05,P1,Phase 3 — Core command runtime,Testing,Test override permutations,Not Started,Not Started,No direct dbmodel evidence,The current database model does not directly complete or materially start this task.,"Requires runtime code, UX work, tests, ALM evidence, documentation, commercial work, or a missing schema decision outside the current dbmodel evidence."
US-043-T06,US-043,E05,P1,Phase 3 — Core command runtime,Deployment,Register solution component and release evidence,Not Started,Not Started,No direct dbmodel evidence,The current database model does not directly complete or materially start this task.,"Requires runtime code, UX work, tests, ALM evidence, documentation, commercial work, or a missing schema decision outside the current dbmodel evidence."
US-044-T01,US-044,E05,P1,Phase 3 — Core command runtime,Data,Implement status models and transitions,Not Started,Completed,Direct dbmodel schema evidence,"Status lifecycle schema is present: ccsb_statusmodel, ccsb_statusdefinition and ccsb_statustransition include status keys, labels, categories, permissions/reasons and validation rule links.",Database model evidence satisfies the data-model task. Command-service enforcement remains open.
US-044-T02,US-044,E05,P1,Phase 3 — Core command runtime,Functional,Define transition policy,Not Started,In Progress,Partial dbmodel schema evidence,"Status model and transition records support transition policy, reason and permission requirements.",Still needs functional policy definition and approval.
US-044-T03,US-044,E05,P1,Phase 3 — Core command runtime,UX,Build status action experience,Not Started,Not Started,No direct dbmodel evidence,The current database model does not directly complete or materially start this task.,"Requires runtime code, UX work, tests, ALM evidence, documentation, commercial work, or a missing schema decision outside the current dbmodel evidence."
US-044-T04,US-044,E05,P1,Phase 3 — Core command runtime,Technical,Enforce transitions in command service,Not Started,In Progress,Partial dbmodel schema evidence,Status transition records link validation rules and required access/reason fields.,Still needs command-service enforcement.
US-044-T05,US-044,E05,P1,Phase 3 — Core command runtime,Testing,Test independent status state machines,Not Started,Not Started,No direct dbmodel evidence,The current database model does not directly complete or materially start this task.,"Requires runtime code, UX work, tests, ALM evidence, documentation, commercial work, or a missing schema decision outside the current dbmodel evidence."
US-044-T06,US-044,E05,P1,Phase 3 — Core command runtime,Deployment,Register solution component and release evidence,Not Started,Not Started,No direct dbmodel evidence,The current database model does not directly complete or materially start this task.,"Requires runtime code, UX work, tests, ALM evidence, documentation, commercial work, or a missing schema decision outside the current dbmodel evidence."
US-050-T01,US-050,E06,P0,Phase 3 — Core command runtime,Data,Define completion and allocation measures,Not Started,Completed,Direct dbmodel schema evidence,"Completion/allocation measures are present across ccsb_schedulerequirement and ccsb_scheduleassignment: required/min/max units, assigned units, role keys, priority and requirement status.",Database model evidence satisfies the data-shape task. Runtime calculation and tests remain open.
US-050-T02,US-050,E06,P0,Phase 3 — Core command runtime,Technical,Implement shared requirement calculator,Not Started,Not Started,No direct dbmodel evidence,The current database model does not directly complete or materially start this task.,"Requires runtime code, UX work, tests, ALM evidence, documentation, commercial work, or a missing schema decision outside the current dbmodel evidence."
US-050-T03,US-050,E06,P0,Phase 3 — Core command runtime,UX,Render accessible allocation indicators,Not Started,Not Started,No direct dbmodel evidence,The current database model does not directly complete or materially start this task.,"Requires runtime code, UX work, tests, ALM evidence, documentation, commercial work, or a missing schema decision outside the current dbmodel evidence."
US-050-T04,US-050,E06,P0,Phase 3 — Core command runtime,Validation,Apply coverage rules,Not Started,In Progress,Partial dbmodel schema evidence,Requirement and assignment measures provide inputs for coverage rules.,Still needs rule execution.
US-050-T05,US-050,E06,P0,Phase 3 — Core command runtime,Testing,Test calculation matrix,Not Started,Not Started,No direct dbmodel evidence,The current database model does not directly complete or materially start this task.,"Requires runtime code, UX work, tests, ALM evidence, documentation, commercial work, or a missing schema decision outside the current dbmodel evidence."
US-050-T06,US-050,E06,P0,Phase 3 — Core command runtime,Deployment,Register solution component and release evidence,Not Started,Not Started,No direct dbmodel evidence,The current database model does not directly complete or materially start this task.,"Requires runtime code, UX work, tests, ALM evidence, documentation, commercial work, or a missing schema decision outside the current dbmodel evidence."
US-051-T01,US-051,E06,P0,Phase 3 — Core command runtime,Data,Define rule outcome contract,Not Started,In Progress,Partial dbmodel schema evidence,"Rule definition and conflict tables model rule metadata, severity/blocking, conflict type/severity and detail JSON.",Still lacks a complete confirmation-token/rule-outcome contract.
US-051-T02,US-051,E06,P0,Phase 3 — Core command runtime,Technical,Implement rule pipeline,Not Started,Not Started,No direct dbmodel evidence,The current database model does not directly complete or materially start this task.,"Requires runtime code, UX work, tests, ALM evidence, documentation, commercial work, or a missing schema decision outside the current dbmodel evidence."
US-051-T03,US-051,E06,P0,Phase 3 — Core command runtime,UX,Build conflict and confirmation dialog,Not Started,Not Started,No direct dbmodel evidence,The current database model does not directly complete or materially start this task.,"Requires runtime code, UX work, tests, ALM evidence, documentation, commercial work, or a missing schema decision outside the current dbmodel evidence."
US-051-T04,US-051,E06,P0,Phase 3 — Core command runtime,Validation,Secure confirmation tokens,Not Started,Not Started,No direct dbmodel evidence,The current database model does not directly complete or materially start this task.,"Requires runtime code, UX work, tests, ALM evidence, documentation, commercial work, or a missing schema decision outside the current dbmodel evidence."
US-051-T05,US-051,E06,P0,Phase 3 — Core command runtime,Testing,Test pass/warn/block behavior,Not Started,Not Started,No direct dbmodel evidence,The current database model does not directly complete or materially start this task.,"Requires runtime code, UX work, tests, ALM evidence, documentation, commercial work, or a missing schema decision outside the current dbmodel evidence."
US-051-T06,US-051,E06,P0,Phase 3 — Core command runtime,Observability,Capture rule diagnostics,Not Started,In Progress,Partial dbmodel schema evidence,Conflict detail JSON and operation item error/result fields can store rule diagnostics.,Still needs runtime diagnostics writes and minimization rules.
US-051-T07,US-051,E06,P0,Phase 3 — Core command runtime,Deployment,Register solution component and release evidence,Not Started,Not Started,No direct dbmodel evidence,The current database model does not directly complete or materially start this task.,"Requires runtime code, UX work, tests, ALM evidence, documentation, commercial work, or a missing schema decision outside the current dbmodel evidence."
US-052-T01,US-052,E06,P1,Phase 4 — Operational workbenches,Data,Model persistent conflict cases,Not Started,In Progress,Partial dbmodel schema evidence,"Persistent ccsb_conflict table exists with conflict key/type, severity, publish blocking, resource/item/assignment links and resolution fields.",Still missing direct operation/correlation linkage required by supportability.
US-052-T02,US-052,E06,P1,Phase 4 — Operational workbenches,Technical,Create conflict read/query service,Not Started,Not Started,No direct dbmodel evidence,The current database model does not directly complete or materially start this task.,"Requires runtime code, UX work, tests, ALM evidence, documentation, commercial work, or a missing schema decision outside the current dbmodel evidence."
US-052-T03,US-052,E06,P1,Phase 4 — Operational workbenches,UX,Build conflict workbench,Not Started,Not Started,No direct dbmodel evidence,The current database model does not directly complete or materially start this task.,"Requires runtime code, UX work, tests, ALM evidence, documentation, commercial work, or a missing schema decision outside the current dbmodel evidence."
US-052-T04,US-052,E06,P1,Phase 4 — Operational workbenches,Functional,Implement resolution action policy,Not Started,Not Started,No direct dbmodel evidence,The current database model does not directly complete or materially start this task.,"Requires runtime code, UX work, tests, ALM evidence, documentation, commercial work, or a missing schema decision outside the current dbmodel evidence."
US-052-T05,US-052,E06,P1,Phase 4 — Operational workbenches,Testing,Test conflict lifecycle and access,Not Started,Not Started,No direct dbmodel evidence,The current database model does not directly complete or materially start this task.,"Requires runtime code, UX work, tests, ALM evidence, documentation, commercial work, or a missing schema decision outside the current dbmodel evidence."
US-052-T06,US-052,E06,P1,Phase 4 — Operational workbenches,Deployment,Register solution component and release evidence,Not Started,Not Started,No direct dbmodel evidence,The current database model does not directly complete or materially start this task.,"Requires runtime code, UX work, tests, ALM evidence, documentation, commercial work, or a missing schema decision outside the current dbmodel evidence."
US-053-T01,US-053,E06,P1,Phase 4 — Operational workbenches,Data,Define unscheduled/partial query criteria,Not Started,In Progress,Partial dbmodel schema evidence,"Schedule item/assignment statuses, publish state and requirement links provide data for unscheduled/partial criteria.",Still needs query criteria and workbench semantics.
US-053-T02,US-053,E06,P1,Phase 4 — Operational workbenches,Technical,Build workbench read model,Not Started,Not Started,No direct dbmodel evidence,The current database model does not directly complete or materially start this task.,"Requires runtime code, UX work, tests, ALM evidence, documentation, commercial work, or a missing schema decision outside the current dbmodel evidence."
US-053-T03,US-053,E06,P1,Phase 4 — Operational workbenches,UX,Build unscheduled/partial workbench,Not Started,Not Started,No direct dbmodel evidence,The current database model does not directly complete or materially start this task.,"Requires runtime code, UX work, tests, ALM evidence, documentation, commercial work, or a missing schema decision outside the current dbmodel evidence."
US-053-T04,US-053,E06,P1,Phase 4 — Operational workbenches,Functional,Connect workbench to assignment flow,Not Started,Not Started,No direct dbmodel evidence,The current database model does not directly complete or materially start this task.,"Requires runtime code, UX work, tests, ALM evidence, documentation, commercial work, or a missing schema decision outside the current dbmodel evidence."
US-053-T05,US-053,E06,P1,Phase 4 — Operational workbenches,Testing,Test state changes and security,Not Started,Not Started,No direct dbmodel evidence,The current database model does not directly complete or materially start this task.,"Requires runtime code, UX work, tests, ALM evidence, documentation, commercial work, or a missing schema decision outside the current dbmodel evidence."
US-053-T06,US-053,E06,P1,Phase 4 — Operational workbenches,Deployment,Register solution component and release evidence,Not Started,Not Started,No direct dbmodel evidence,The current database model does not directly complete or materially start this task.,"Requires runtime code, UX work, tests, ALM evidence, documentation, commercial work, or a missing schema decision outside the current dbmodel evidence."
US-060-T01,US-060,E07,P0,Phase 4 — Publish governance,Functional,Define publish-scope resolution policy,Not Started,In Progress,Partial dbmodel schema evidence,"Publish snapshot has scope type/from/to, board/version, schedule version and manifest/state hash fields.",Still needs publish-scope resolution policy and preview logic.
US-060-T02,US-060,E07,P0,Phase 4 — Publish governance,Technical,Implement publish preview command,Not Started,Not Started,No direct dbmodel evidence,The current database model does not directly complete or materially start this task.,"Requires runtime code, UX work, tests, ALM evidence, documentation, commercial work, or a missing schema decision outside the current dbmodel evidence."
US-060-T03,US-060,E07,P0,Phase 4 — Publish governance,UX,Build publish-preview workflow,Not Started,Not Started,No direct dbmodel evidence,The current database model does not directly complete or materially start this task.,"Requires runtime code, UX work, tests, ALM evidence, documentation, commercial work, or a missing schema decision outside the current dbmodel evidence."
US-060-T04,US-060,E07,P0,Phase 4 — Publish governance,Validation,Revalidate immediately before commit,Not Started,In Progress,Partial dbmodel schema evidence,Operation and validation result tables support revalidation evidence.,Still needs immediate pre-commit validation implementation.
US-060-T05,US-060,E07,P0,Phase 4 — Publish governance,Testing,Test preview and scope edge cases,Not Started,Not Started,No direct dbmodel evidence,The current database model does not directly complete or materially start this task.,"Requires runtime code, UX work, tests, ALM evidence, documentation, commercial work, or a missing schema decision outside the current dbmodel evidence."
US-060-T06,US-060,E07,P0,Phase 4 — Publish governance,Deployment,Register solution component and release evidence,Not Started,Not Started,No direct dbmodel evidence,The current database model does not directly complete or materially start this task.,"Requires runtime code, UX work, tests, ALM evidence, documentation, commercial work, or a missing schema decision outside the current dbmodel evidence."
US-061-T01,US-061,E07,P0,Phase 4 — Publish governance,Data,Implement immutable snapshot structure,Not Started,In Progress,Partial dbmodel schema evidence,"Publish snapshot header exists with publish sequence, predecessor, manifest, scope, actor, operation and retention fields.",Not complete: snapshot item data and managed before/after field images are missing.
US-061-T02,US-061,E07,P0,Phase 4 — Publish governance,Technical,Implement transactional publish service,Not Started,Not Started,No direct dbmodel evidence,The current database model does not directly complete or materially start this task.,"Requires runtime code, UX work, tests, ALM evidence, documentation, commercial work, or a missing schema decision outside the current dbmodel evidence."
US-061-T03,US-061,E07,P0,Phase 4 — Publish governance,Security,Enforce publish and lock permissions,Not Started,In Progress,Partial dbmodel schema evidence,Permission profile includes canpublish/canrollback/canoverrideconflicts and canviewaudit flags.,Still needs publish-lock permission enforcement and negative tests.
US-061-T04,US-061,E07,P0,Phase 4 — Publish governance,UX,Show publish result and official state,Not Started,Not Started,No direct dbmodel evidence,The current database model does not directly complete or materially start this task.,"Requires runtime code, UX work, tests, ALM evidence, documentation, commercial work, or a missing schema decision outside the current dbmodel evidence."
US-061-T05,US-061,E07,P0,Phase 4 — Publish governance,Testing,Test snapshot/lock atomicity,Not Started,Not Started,No direct dbmodel evidence,The current database model does not directly complete or materially start this task.,"Requires runtime code, UX work, tests, ALM evidence, documentation, commercial work, or a missing schema decision outside the current dbmodel evidence."
US-061-T06,US-061,E07,P0,Phase 4 — Publish governance,Deployment,Define snapshot retention and operational runbook,Not Started,In Progress,Partial dbmodel schema evidence,Publish snapshot includes retention date and operation linkage.,Still needs retention/access policy and operational runbook.
US-062-T01,US-062,E07,P0,Phase 4 — Publish governance,Functional,Define compatible rollback policy,Not Started,In Progress,Partial dbmodel schema evidence,Rollback appears in operation types and publish snapshot predecessor/scope fields.,Still needs compatible rollback policy and snapshot item/rollback-managed field model.
US-062-T02,US-062,E07,P0,Phase 4 — Publish governance,Technical,Implement field-scoped rollback transaction,Not Started,Not Started,No direct dbmodel evidence,The current database model does not directly complete or materially start this task.,"Requires runtime code, UX work, tests, ALM evidence, documentation, commercial work, or a missing schema decision outside the current dbmodel evidence."
US-062-T03,US-062,E07,P0,Phase 4 — Publish governance,UX,Build rollback preview and confirmation,Not Started,Not Started,No direct dbmodel evidence,The current database model does not directly complete or materially start this task.,"Requires runtime code, UX work, tests, ALM evidence, documentation, commercial work, or a missing schema decision outside the current dbmodel evidence."
US-062-T04,US-062,E07,P0,Phase 4 — Publish governance,Validation,Protect against unsafe restoration,Not Started,In Progress,Partial dbmodel schema evidence,Operation/conflict/publish structures provide inputs for unsafe-restoration checks.,"Still needs lock policy, compatibility and privilege validation."
US-062-T05,US-062,E07,P0,Phase 4 — Publish governance,Testing,Test restoration boundaries,Not Started,Not Started,No direct dbmodel evidence,The current database model does not directly complete or materially start this task.,"Requires runtime code, UX work, tests, ALM evidence, documentation, commercial work, or a missing schema decision outside the current dbmodel evidence."
US-062-T06,US-062,E07,P0,Phase 4 — Publish governance,Documentation,Publish rollback runbook,Not Started,Not Started,No direct dbmodel evidence,The current database model does not directly complete or materially start this task.,"Requires runtime code, UX work, tests, ALM evidence, documentation, commercial work, or a missing schema decision outside the current dbmodel evidence."
US-063-T01,US-063,E07,P1,Phase 4 — Publish governance,Technical,Expose lock and pending-change read model,Not Started,In Progress,Partial dbmodel schema evidence,Schedule item/assignment publish state and publish snapshot links provide some official-state inputs.,Not complete: publish lock and schedule change/pending-change model are missing.
US-063-T02,US-063,E07,P1,Phase 4 — Publish governance,UX,Design status badges and explanatory details,Not Started,Not Started,No direct dbmodel evidence,The current database model does not directly complete or materially start this task.,"Requires runtime code, UX work, tests, ALM evidence, documentation, commercial work, or a missing schema decision outside the current dbmodel evidence."
US-063-T03,US-063,E07,P1,Phase 4 — Publish governance,Functional,Integrate state into action affordances,Not Started,Not Started,No direct dbmodel evidence,The current database model does not directly complete or materially start this task.,"Requires runtime code, UX work, tests, ALM evidence, documentation, commercial work, or a missing schema decision outside the current dbmodel evidence."
US-063-T04,US-063,E07,P1,Phase 4 — Publish governance,Testing,Test state visibility and refresh,Not Started,Not Started,No direct dbmodel evidence,The current database model does not directly complete or materially start this task.,"Requires runtime code, UX work, tests, ALM evidence, documentation, commercial work, or a missing schema decision outside the current dbmodel evidence."
US-063-T05,US-063,E07,P1,Phase 4 — Publish governance,Deployment,Register solution component and release evidence,Not Started,Not Started,No direct dbmodel evidence,The current database model does not directly complete or materially start this task.,"Requires runtime code, UX work, tests, ALM evidence, documentation, commercial work, or a missing schema decision outside the current dbmodel evidence."
US-070-T01,US-070,E08,P0,Phase 0 — Security foundation,Security,Define permission model and matrix,Not Started,In Progress,Partial dbmodel schema evidence,Permission profiles model CCSB actions and scopes.,"Still needs approved role/security matrix, Dataverse role mapping and negative cases."
US-070-T02,US-070,E08,P0,Phase 0 — Security foundation,Data,Implement permission profiles and assignments,Not Started,Completed,Direct dbmodel schema evidence,"Permission schema is present: ccsb_permissionprofile and ccsb_permissionassignment include profiles, action flags, principal type/id, board/location/group scopes and access effect.",Database model evidence satisfies the profile/assignment schema task. Role packaging and negative authorization tests remain open.
US-070-T03,US-070,E08,P0,Phase 0 — Security foundation,Technical,Build server-side authorisation service,Not Started,Not Started,No direct dbmodel evidence,The current database model does not directly complete or materially start this task.,"Requires runtime code, UX work, tests, ALM evidence, documentation, commercial work, or a missing schema decision outside the current dbmodel evidence."
US-070-T04,US-070,E08,P0,Phase 0 — Security foundation,UX,Design permission-aware actions,Not Started,Not Started,No direct dbmodel evidence,The current database model does not directly complete or materially start this task.,"Requires runtime code, UX work, tests, ALM evidence, documentation, commercial work, or a missing schema decision outside the current dbmodel evidence."
US-070-T05,US-070,E08,P0,Phase 0 — Security foundation,Testing,Run positive/negative role matrix tests,Not Started,Not Started,No direct dbmodel evidence,The current database model does not directly complete or materially start this task.,"Requires runtime code, UX work, tests, ALM evidence, documentation, commercial work, or a missing schema decision outside the current dbmodel evidence."
US-070-T06,US-070,E08,P0,Phase 0 — Security foundation,Deployment,Package roles and access guidance,Not Started,Not Started,No direct dbmodel evidence,The current database model does not directly complete or materially start this task.,"Requires runtime code, UX work, tests, ALM evidence, documentation, commercial work, or a missing schema decision outside the current dbmodel evidence."
US-071-T01,US-071,E08,P0,Phase 0 — Command/API contract,Technical,Define versioned API envelopes,Not Started,In Progress,Partial dbmodel schema evidence,"Operation/operation item tables model operation types, status, correlation, idempotency key, payloads, result/errors, counts and retry metadata.",Still needs API envelope documentation and generated typed DTOs.
US-071-T02,US-071,E08,P0,Phase 0 — Command/API contract,Technical,Implement Custom API endpoints,Not Started,Not Started,No direct dbmodel evidence,The current database model does not directly complete or materially start this task.,"Requires runtime code, UX work, tests, ALM evidence, documentation, commercial work, or a missing schema decision outside the current dbmodel evidence."
US-071-T03,US-071,E08,P0,Phase 0 — Command/API contract,Validation,Implement idempotency and concurrency controls,Not Started,In Progress,Partial dbmodel schema evidence,"Operation includes idempotency key, attempt counts and retry metadata; Dataverse row versions are present as standard versionnumber fields.",Still needs deterministic duplicate/stale-response implementation.
US-071-T04,US-071,E08,P0,Phase 0 — Command/API contract,Security,Harden API boundary,Not Started,Not Started,No direct dbmodel evidence,The current database model does not directly complete or materially start this task.,"Requires runtime code, UX work, tests, ALM evidence, documentation, commercial work, or a missing schema decision outside the current dbmodel evidence."
US-071-T05,US-071,E08,P0,Phase 0 — Command/API contract,Testing,Create API contract and fault tests,Not Started,Not Started,No direct dbmodel evidence,The current database model does not directly complete or materially start this task.,"Requires runtime code, UX work, tests, ALM evidence, documentation, commercial work, or a missing schema decision outside the current dbmodel evidence."
US-071-T06,US-071,E08,P0,Phase 0 — Command/API contract,Documentation,Publish API and extension guidance,Not Started,Not Started,No direct dbmodel evidence,The current database model does not directly complete or materially start this task.,"Requires runtime code, UX work, tests, ALM evidence, documentation, commercial work, or a missing schema decision outside the current dbmodel evidence."
US-072-T01,US-072,E08,P1,Phase 4 — Audit/supportability,Data,Define correlation and audit model,Not Started,In Progress,Partial dbmodel schema evidence,Operation and operation item tables carry correlation IDs and link to board/version/validation/publish snapshot evidence.,"Not complete: conflict, snapshot/change/lock/audit/outbox correlation coverage is incomplete."
US-072-T02,US-072,E08,P1,Phase 4 — Audit/supportability,Technical,Implement structured operation/audit writes,Not Started,In Progress,Partial dbmodel schema evidence,Operation and operation item tables can persist structured operation outcome and item-level errors/results.,Still needs command-transaction writes and links to audit/conflict/snapshot evidence.
US-072-T03,US-072,E08,P1,Phase 4 — Audit/supportability,UX,Provide support diagnostics view,Not Started,Not Started,No direct dbmodel evidence,The current database model does not directly complete or materially start this task.,"Requires runtime code, UX work, tests, ALM evidence, documentation, commercial work, or a missing schema decision outside the current dbmodel evidence."
US-072-T04,US-072,E08,P1,Phase 4 — Audit/supportability,Observability,Define privacy-safe telemetry schema,Not Started,In Progress,Partial dbmodel schema evidence,"Operation duration, result/error, item counts and scope fields provide telemetry inputs.",Still needs privacy-safe telemetry schema and log review.
US-072-T05,US-072,E08,P1,Phase 4 — Audit/supportability,Testing,Run traceability exercises,Not Started,Not Started,No direct dbmodel evidence,The current database model does not directly complete or materially start this task.,"Requires runtime code, UX work, tests, ALM evidence, documentation, commercial work, or a missing schema decision outside the current dbmodel evidence."
US-072-T06,US-072,E08,P1,Phase 4 — Audit/supportability,Deployment,Register solution component and release evidence,Not Started,Not Started,No direct dbmodel evidence,The current database model does not directly complete or materially start this task.,"Requires runtime code, UX work, tests, ALM evidence, documentation, commercial work, or a missing schema decision outside the current dbmodel evidence."
US-080-T01,US-080,E09,P0,Phase 5 — Release evidence,Performance,Establish reference performance dataset,Not Started,Not Started,No direct dbmodel evidence,The current database model does not directly complete or materially start this task.,"Requires runtime code, UX work, tests, ALM evidence, documentation, commercial work, or a missing schema decision outside the current dbmodel evidence."
US-080-T02,US-080,E09,P0,Phase 5 — Release evidence,Performance,Instrument client and server timings,Not Started,Not Started,No direct dbmodel evidence,The current database model does not directly complete or materially start this task.,"Requires runtime code, UX work, tests, ALM evidence, documentation, commercial work, or a missing schema decision outside the current dbmodel evidence."
US-080-T03,US-080,E09,P0,Phase 5 — Release evidence,Testing,Build automated performance suite,Not Started,Not Started,No direct dbmodel evidence,The current database model does not directly complete or materially start this task.,"Requires runtime code, UX work, tests, ALM evidence, documentation, commercial work, or a missing schema decision outside the current dbmodel evidence."
US-080-T04,US-080,E09,P0,Phase 5 — Release evidence,Performance,"Tune query, render and cache bottlenecks",Not Started,Not Started,No direct dbmodel evidence,The current database model does not directly complete or materially start this task.,"Requires runtime code, UX work, tests, ALM evidence, documentation, commercial work, or a missing schema decision outside the current dbmodel evidence."
US-080-T05,US-080,E09,P0,Phase 5 — Release evidence,Deployment,Publish performance limits and monitoring thresholds,Not Started,Not Started,No direct dbmodel evidence,The current database model does not directly complete or materially start this task.,"Requires runtime code, UX work, tests, ALM evidence, documentation, commercial work, or a missing schema decision outside the current dbmodel evidence."
US-081-T01,US-081,E09,P0,Phase 5 — Release evidence,UX,Create accessibility interaction specification,Not Started,Not Started,No direct dbmodel evidence,The current database model does not directly complete or materially start this task.,"Requires runtime code, UX work, tests, ALM evidence, documentation, commercial work, or a missing schema decision outside the current dbmodel evidence."
US-081-T02,US-081,E09,P0,Phase 5 — Release evidence,Technical,Implement semantic/focus foundations,Not Started,Not Started,No direct dbmodel evidence,The current database model does not directly complete or materially start this task.,"Requires runtime code, UX work, tests, ALM evidence, documentation, commercial work, or a missing schema decision outside the current dbmodel evidence."
US-081-T03,US-081,E09,P0,Phase 5 — Release evidence,UX,Provide non-colour status representation,Not Started,Not Started,No direct dbmodel evidence,The current database model does not directly complete or materially start this task.,"Requires runtime code, UX work, tests, ALM evidence, documentation, commercial work, or a missing schema decision outside the current dbmodel evidence."
US-081-T04,US-081,E09,P0,Phase 5 — Release evidence,Testing,Run automated accessibility checks,Not Started,Not Started,No direct dbmodel evidence,The current database model does not directly complete or materially start this task.,"Requires runtime code, UX work, tests, ALM evidence, documentation, commercial work, or a missing schema decision outside the current dbmodel evidence."
US-081-T05,US-081,E09,P0,Phase 5 — Release evidence,Testing,Run manual assistive-technology scenarios,Not Started,Not Started,No direct dbmodel evidence,The current database model does not directly complete or materially start this task.,"Requires runtime code, UX work, tests, ALM evidence, documentation, commercial work, or a missing schema decision outside the current dbmodel evidence."
US-081-T06,US-081,E09,P0,Phase 5 — Release evidence,Deployment,Register solution component and release evidence,Not Started,Not Started,No direct dbmodel evidence,The current database model does not directly complete or materially start this task.,"Requires runtime code, UX work, tests, ALM evidence, documentation, commercial work, or a missing schema decision outside the current dbmodel evidence."
US-082-T01,US-082,E09,P1,Phase 5 — Release evidence,Deployment,Define release/upgrade rehearsal plan,Not Started,Not Started,No direct dbmodel evidence,The current database model does not directly complete or materially start this task.,"Requires runtime code, UX work, tests, ALM evidence, documentation, commercial work, or a missing schema decision outside the current dbmodel evidence."
US-082-T02,US-082,E09,P1,Phase 5 — Release evidence,Testing,Execute upgrade and rollback rehearsals,Not Started,Not Started,No direct dbmodel evidence,The current database model does not directly complete or materially start this task.,"Requires runtime code, UX work, tests, ALM evidence, documentation, commercial work, or a missing schema decision outside the current dbmodel evidence."
US-082-T03,US-082,E09,P1,Phase 5 — Release evidence,Documentation,Create operational support runbook,Not Started,Not Started,No direct dbmodel evidence,The current database model does not directly complete or materially start this task.,"Requires runtime code, UX work, tests, ALM evidence, documentation, commercial work, or a missing schema decision outside the current dbmodel evidence."
US-082-T04,US-082,E09,P1,Phase 5 — Release evidence,Observability,Set release gates and health checks,Not Started,Not Started,No direct dbmodel evidence,The current database model does not directly complete or materially start this task.,"Requires runtime code, UX work, tests, ALM evidence, documentation, commercial work, or a missing schema decision outside the current dbmodel evidence."
US-082-T05,US-082,E09,P1,Phase 5 — Release evidence,Deployment,Produce release notes and customer guidance,Not Started,Not Started,No direct dbmodel evidence,The current database model does not directly complete or materially start this task.,"Requires runtime code, UX work, tests, ALM evidence, documentation, commercial work, or a missing schema decision outside the current dbmodel evidence."
US-090-T01,US-090,E10,Later,Deferred — Design gate,Discovery,Retain as deferred V1 item,Not Started,Not Started,No direct dbmodel evidence,The current database model does not directly complete or materially start this task.,"Requires runtime code, UX work, tests, ALM evidence, documentation, commercial work, or a missing schema decision outside the current dbmodel evidence."
US-090-T02,US-090,E10,Later,Deferred — Design gate,Architecture,Create future graph-mutation design gate,Not Started,Not Started,No direct dbmodel evidence,The current database model does not directly complete or materially start this task.,"Requires runtime code, UX work, tests, ALM evidence, documentation, commercial work, or a missing schema decision outside the current dbmodel evidence."
US-090-T03,US-090,E10,Later,Deferred — Design gate,Testing,Define future regression charter,Not Started,Not Started,No direct dbmodel evidence,The current database model does not directly complete or materially start this task.,"Requires runtime code, UX work, tests, ALM evidence, documentation, commercial work, or a missing schema decision outside the current dbmodel evidence."
US-091-T01,US-091,E10,Later,Deferred — Design gate,Discovery,Retain offline/mobile as deferred V1 item,Not Started,Not Started,No direct dbmodel evidence,The current database model does not directly complete or materially start this task.,"Requires runtime code, UX work, tests, ALM evidence, documentation, commercial work, or a missing schema decision outside the current dbmodel evidence."
US-091-T02,US-091,E10,Later,Deferred — Design gate,Architecture,Create mobile/offline feasibility design,Not Started,Not Started,No direct dbmodel evidence,The current database model does not directly complete or materially start this task.,"Requires runtime code, UX work, tests, ALM evidence, documentation, commercial work, or a missing schema decision outside the current dbmodel evidence."
US-091-T03,US-091,E10,Later,Deferred — Design gate,Testing,Define field-sync test charter,Not Started,Not Started,No direct dbmodel evidence,The current database model does not directly complete or materially start this task.,"Requires runtime code, UX work, tests, ALM evidence, documentation, commercial work, or a missing schema decision outside the current dbmodel evidence."
US-092-T01,US-092,E10,Later,Deferred — Design gate,Discovery,Retain connectors as deferred V1 item,Not Started,Not Started,No direct dbmodel evidence,The current database model does not directly complete or materially start this task.,"Requires runtime code, UX work, tests, ALM evidence, documentation, commercial work, or a missing schema decision outside the current dbmodel evidence."
US-092-T02,US-092,E10,Later,Deferred — Design gate,Architecture,Define outbox and delivery contract,Not Started,Not Started,No direct dbmodel evidence,The current database model does not directly complete or materially start this task.,"Requires runtime code, UX work, tests, ALM evidence, documentation, commercial work, or a missing schema decision outside the current dbmodel evidence."
US-092-T03,US-092,E10,Later,Deferred — Design gate,Testing,Define connector reliability suite,Not Started,Not Started,No direct dbmodel evidence,The current database model does not directly complete or materially start this task.,"Requires runtime code, UX work, tests, ALM evidence, documentation, commercial work, or a missing schema decision outside the current dbmodel evidence."
US-093-T01,US-093,E10,Later,Deferred — Design gate,Discovery,Retain adapters as deferred V1 item,Not Started,Not Started,No direct dbmodel evidence,The current database model does not directly complete or materially start this task.,"Requires runtime code, UX work, tests, ALM evidence, documentation, commercial work, or a missing schema decision outside the current dbmodel evidence."
US-093-T02,US-093,E10,Later,Deferred — Design gate,Architecture,Assess licensed adapter contracts,Not Started,Not Started,No direct dbmodel evidence,The current database model does not directly complete or materially start this task.,"Requires runtime code, UX work, tests, ALM evidence, documentation, commercial work, or a missing schema decision outside the current dbmodel evidence."
US-093-T03,US-093,E10,Later,Deferred — Design gate,Testing,Define interoperability regression charter,Not Started,Not Started,No direct dbmodel evidence,The current database model does not directly complete or materially start this task.,"Requires runtime code, UX work, tests, ALM evidence, documentation, commercial work, or a missing schema decision outside the current dbmodel evidence."
